timeStamp,elapsed,label,responseCode,responseMessage,threadName,dataType,success,failureMessage,bytes,sentBytes,grpThreads,allThreads,URL,Latency,IdleTime,Connect
1709296375934,1898,GET-UserProfile,200,OK,Thread Group 1-2,text,true,,861,357,20,20,https://thinking-tester-contact-list.herokuapp.com/users/me,1898,0,1639
1709296377833,264,GET-Contact,200,OK,Thread Group 1-2,text,true,,1064,357,23,23,https://thinking-tester-contact-list.herokuapp.com/contacts,264,0,0
1709296375835,2444,GET-UserProfile,200,OK,Thread Group 1-1,text,true,,861,357,24,24,https://thinking-tester-contact-list.herokuapp.com/users/me,2444,0,2181
1709296376434,1948,GET-UserProfile,200,OK,Thread Group 1-7,text,true,,861,357,25,25,https://thinking-tester-contact-list.herokuapp.com/users/me,1948,0,1690
1709296376032,2407,GET-UserProfile,200,OK,Thread Group 1-3,text,true,,861,357,26,26,https://thinking-tester-contact-list.herokuapp.com/users/me,2407,0,2146
1709296378279,256,GET-Contact,200,OK,Thread Group 1-1,text,true,,1064,357,27,27,https://thinking-tester-contact-list.herokuapp.com/contacts,256,0,0
1709296376634,1987,GET-UserProfile,200,OK,Thread Group 1-9,text,true,,861,357,26,26,https://thinking-tester-contact-list.herokuapp.com/users/me,1987,0,1711
1709296378382,265,GET-Contact,200,OK,Thread Group 1-7,text,true,,1064,357,27,27,https://thinking-tester-contact-list.herokuapp.com/contacts,265,0,0
1709296378440,250,GET-Contact,200,OK,Thread Group 1-3,text,true,,1064,357,26,26,https://thinking-tester-contact-list.herokuapp.com/contacts,250,0,0
1709296378621,261,GET-Contact,200,OK,Thread Group 1-9,text,true,,1064,357,27,27,https://thinking-tester-contact-list.herokuapp.com/contacts,261,0,0
1709296376133,2749,GET-UserProfile,200,OK,Thread Group 1-4,text,true,,861,357,27,27,https://thinking-tester-contact-list.herokuapp.com/users/me,2749,0,2483
1709296376933,2013,GET-UserProfile,200,OK,Thread Group 1-12,text,true,,861,357,27,27,https://thinking-tester-contact-list.herokuapp.com/users/me,2013,0,1757
1709296376333,2750,GET-UserProfile,200,OK,Thread Group 1-6,text,true,,861,357,28,28,https://thinking-tester-contact-list.herokuapp.com/users/me,2750,0,2504
1709296378882,262,GET-Contact,200,OK,Thread Group 1-4,text,true,,1064,357,29,29,https://thinking-tester-contact-list.herokuapp.com/contacts,262,0,0
1709296378946,259,GET-Contact,200,OK,Thread Group 1-12,text,true,,1064,357,28,28,https://thinking-tester-contact-list.herokuapp.com/contacts,259,0,0
1709296376535,2730,GET-UserProfile,200,OK,Thread Group 1-8,text,true,,861,357,28,28,https://thinking-tester-contact-list.herokuapp.com/users/me,2730,0,2470
1709296379084,259,GET-Contact,200,OK,Thread Group 1-6,text,true,,1064,357,29,29,https://thinking-tester-contact-list.herokuapp.com/contacts,259,0,0
1709296377433,2000,GET-UserProfile,200,OK,Thread Group 1-17,text,true,,861,357,29,29,https://thinking-tester-contact-list.herokuapp.com/users/me,2000,0,1729
1709296379266,282,GET-Contact,200,OK,Thread Group 1-8,text,true,,1064,357,30,30,https://thinking-tester-contact-list.herokuapp.com/contacts,282,0,0
1709296377633,2029,GET-UserProfile,200,OK,Thread Group 1-19,text,true,,853,357,30,30,https://thinking-tester-contact-list.herokuapp.com/users/me,2029,0,1713
1709296379434,272,GET-Contact,200,OK,Thread Group 1-17,text,true,,1056,357,30,30,https://thinking-tester-contact-list.herokuapp.com/contacts,272,0,0
1709296376234,3501,GET-UserProfile,200,OK,Thread Group 1-5,text,false,"The operation lasted too long: It took 3,501 milliseconds, but should not have lasted longer than 3,000 milliseconds.",853,357,30,30,https://thinking-tester-contact-list.herokuapp.com/users/me,3501,0,3236
1709296377733,2036,GET-UserProfile,200,OK,Thread Group 1-20,text,true,,853,357,30,30,https://thinking-tester-contact-list.herokuapp.com/users/me,2036,0,1768
1709296377033,2745,GET-UserProfile,200,OK,Thread Group 1-13,text,true,,853,357,30,30,https://thinking-tester-contact-list.herokuapp.com/users/me,2745,0,2487
1709296377834,1963,GET-UserProfile,200,OK,Thread Group 1-21,text,true,,853,357,30,30,https://thinking-tester-contact-list.herokuapp.com/users/me,1963,0,1708
1709296376833,3095,GET-UserProfile,200,OK,Thread Group 1-11,text,false,"The operation lasted too long: It took 3,095 milliseconds, but should not have lasted longer than 3,000 milliseconds.",853,357,31,31,https://thinking-tester-contact-list.herokuapp.com/users/me,3095,0,2698
1709296379662,273,GET-Contact,200,OK,Thread Group 1-19,text,true,,1056,357,32,32,https://thinking-tester-contact-list.herokuapp.com/contacts,273,0,0
1709296379736,269,GET-Contact,200,OK,Thread Group 1-5,text,true,,1056,357,31,31,https://thinking-tester-contact-list.herokuapp.com/contacts,269,0,0
1709296379770,267,GET-Contact,200,OK,Thread Group 1-20,text,true,,1056,357,31,31,https://thinking-tester-contact-list.herokuapp.com/contacts,267,0,0
1709296379779,258,GET-Contact,200,OK,Thread Group 1-13,text,true,,1056,357,31,31,https://thinking-tester-contact-list.herokuapp.com/contacts,258,0,0
1709296379797,255,GET-Contact,200,OK,Thread Group 1-21,text,true,,1056,357,29,29,https://thinking-tester-contact-list.herokuapp.com/contacts,255,0,0
1709296378132,1957,GET-UserProfile,200,OK,Thread Group 1-24,text,true,,853,357,28,28,https://thinking-tester-contact-list.herokuapp.com/users/me,1957,0,1707
1709296377133,3009,GET-UserProfile,200,OK,Thread Group 1-14,text,false,"The operation lasted too long: It took 3,009 milliseconds, but should not have lasted longer than 3,000 milliseconds.",853,357,29,29,https://thinking-tester-contact-list.herokuapp.com/users/me,3009,0,2747
1709296379928,254,GET-Contact,200,OK,Thread Group 1-11,text,true,,1056,357,29,29,https://thinking-tester-contact-list.herokuapp.com/contacts,254,0,0
1709296378233,1952,GET-UserProfile,200,OK,Thread Group 1-25,text,true,,853,357,28,28,https://thinking-tester-contact-list.herokuapp.com/users/me,1952,0,1702
1709296378032,2247,GET-UserProfile,200,OK,Thread Group 1-23,text,true,,853,357,29,29,https://thinking-tester-contact-list.herokuapp.com/users/me,2247,0,1992
1709296377934,2359,GET-UserProfile,200,OK,Thread Group 1-22,text,true,,853,357,29,29,https://thinking-tester-contact-list.herokuapp.com/users/me,2359,0,2096
1709296380090,269,GET-Contact,200,OK,Thread Group 1-24,text,true,,1056,357,30,30,https://thinking-tester-contact-list.herokuapp.com/contacts,269,0,0
1709296380143,271,GET-Contact,200,OK,Thread Group 1-14,text,true,,1056,357,29,29,https://thinking-tester-contact-list.herokuapp.com/contacts,271,0,0
1709296380186,302,GET-Contact,200,OK,Thread Group 1-25,text,true,,1056,357,29,29,https://thinking-tester-contact-list.herokuapp.com/contacts,302,0,0
1709296378632,2020,GET-UserProfile,200,OK,Thread Group 1-29,text,true,,853,357,30,30,https://thinking-tester-contact-list.herokuapp.com/users/me,2020,0,1761
1709296378433,2321,GET-UserProfile,200,OK,Thread Group 1-27,text,true,,853,357,31,31,https://thinking-tester-contact-list.herokuapp.com/users/me,2321,0,1746
1709296378734,2020,GET-UserProfile,200,OK,Thread Group 1-30,text,true,,853,357,31,31,https://thinking-tester-contact-list.herokuapp.com/users/me,2020,0,1755
1709296376733,4043,GET-UserProfile,200,OK,Thread Group 1-10,text,false,"The operation lasted too long: It took 4,043 milliseconds, but should not have lasted longer than 3,000 milliseconds.",853,357,31,31,https://thinking-tester-contact-list.herokuapp.com/users/me,4043,0,2948
1709296378534,2327,GET-UserProfile,200,OK,Thread Group 1-28,text,true,,853,357,32,32,https://thinking-tester-contact-list.herokuapp.com/users/me,2327,0,2062
1709296380652,257,GET-Contact,200,OK,Thread Group 1-29,text,true,,1056,357,32,32,https://thinking-tester-contact-list.herokuapp.com/contacts,257,0,0
1709296379132,1804,GET-UserProfile,200,OK,Thread Group 1-34,text,true,,853,357,32,32,https://thinking-tester-contact-list.herokuapp.com/users/me,1804,0,1543
1709296380755,249,GET-Contact,200,OK,Thread Group 1-27,text,true,,1056,357,32,32,https://thinking-tester-contact-list.herokuapp.com/contacts,249,0,0
1709296379533,1485,GET-UserProfile,200,OK,Thread Group 1-38,text,true,,853,357,31,31,https://thinking-tester-contact-list.herokuapp.com/users/me,1485,0,1223
1709296380776,264,GET-Contact,200,OK,Thread Group 1-10,text,true,,1056,357,32,32,https://thinking-tester-contact-list.herokuapp.com/contacts,264,0,0
1709296380862,266,GET-Contact,200,OK,Thread Group 1-28,text,true,,1056,357,31,31,https://thinking-tester-contact-list.herokuapp.com/contacts,266,0,0
1709296377533,3610,GET-UserProfile,200,OK,Thread Group 1-18,text,false,"The operation lasted too long: It took 3,610 milliseconds, but should not have lasted longer than 3,000 milliseconds.",853,357,31,31,https://thinking-tester-contact-list.herokuapp.com/users/me,3610,0,3358
1709296378933,2274,GET-UserProfile,200,OK,Thread Group 1-32,text,true,,853,357,31,31,https://thinking-tester-contact-list.herokuapp.com/users/me,2273,0,2011
1709296380937,272,GET-Contact,200,OK,Thread Group 1-34,text,true,,1056,357,31,31,https://thinking-tester-contact-list.herokuapp.com/contacts,272,0,0
1709296381019,273,GET-Contact,200,OK,Thread Group 1-38,text,true,,1056,357,31,31,https://thinking-tester-contact-list.herokuapp.com/contacts,273,0,0
1709296377234,4089,GET-UserProfile,200,OK,Thread Group 1-15,text,false,"The operation lasted too long: It took 4,089 milliseconds, but should not have lasted longer than 3,000 milliseconds.",853,357,30,30,https://thinking-tester-contact-list.herokuapp.com/users/me,4089,0,3836
1709296381144,257,GET-Contact,200,OK,Thread Group 1-18,text,true,,1056,357,31,31,https://thinking-tester-contact-list.herokuapp.com/contacts,257,0,0
1709296381208,260,GET-Contact,200,OK,Thread Group 1-32,text,true,,1056,357,31,31,https://thinking-tester-contact-list.herokuapp.com/contacts,260,0,0
1709296380279,1190,GET-Contact,200,OK,Thread Group 1-23,text,true,,1056,357,30,30,https://thinking-tester-contact-list.herokuapp.com/contacts,1190,0,0
1709296380754,797,GET-Contact,200,OK,Thread Group 1-30,text,true,,1056,357,30,30,https://thinking-tester-contact-list.herokuapp.com/contacts,797,0,0
1709296378833,2724,GET-UserProfile,200,OK,Thread Group 1-31,text,true,,853,357,29,29,https://thinking-tester-contact-list.herokuapp.com/users/me,2724,0,2445
1709296381324,288,GET-Contact,200,OK,Thread Group 1-15,text,true,,1056,357,29,29,https://thinking-tester-contact-list.herokuapp.com/contacts,288,0,0
1709296380294,1434,GET-Contact,200,OK,Thread Group 1-22,text,true,,1056,357,29,29,https://thinking-tester-contact-list.herokuapp.com/contacts,1434,0,0
1709296379333,2435,GET-UserProfile,200,OK,Thread Group 1-36,text,true,,853,357,29,29,https://thinking-tester-contact-list.herokuapp.com/users/me,2435,0,2174
1709296381558,257,GET-Contact,200,OK,Thread Group 1-31,text,true,,1056,357,29,29,https://thinking-tester-contact-list.herokuapp.com/contacts,257,0,0
1709296377334,4563,GET-UserProfile,200,OK,Thread Group 1-16,text,false,"The operation lasted too long: It took 4,563 milliseconds, but should not have lasted longer than 3,000 milliseconds.",853,357,29,29,https://thinking-tester-contact-list.herokuapp.com/users/me,4563,0,4301
1709296378333,3598,GET-UserProfile,200,OK,Thread Group 1-26,text,false,"The operation lasted too long: It took 3,598 milliseconds, but should not have lasted longer than 3,000 milliseconds.",853,357,29,29,https://thinking-tester-contact-list.herokuapp.com/users/me,3598,0,3341
1709296380134,1842,GET-UserProfile,200,OK,Thread Group 1-44,text,true,,853,357,30,30,https://thinking-tester-contact-list.herokuapp.com/users/me,1842,0,1586
1709296379634,2374,GET-UserProfile,200,OK,Thread Group 1-39,text,true,,853,357,30,30,https://thinking-tester-contact-list.herokuapp.com/users/me,2374,0,2114
1709296379734,2315,GET-UserProfile,200,OK,Thread Group 1-40,text,true,,853,357,31,31,https://thinking-tester-contact-list.herokuapp.com/users/me,2315,0,1336
1709296381770,280,GET-Contact,200,OK,Thread Group 1-36,text,true,,1056,357,31,31,https://thinking-tester-contact-list.herokuapp.com/contacts,280,0,0
1709296381898,262,GET-Contact,200,OK,Thread Group 1-16,text,true,,1056,357,31,31,https://thinking-tester-contact-list.herokuapp.com/contacts,262,0,0
1709296381933,258,GET-Contact,200,OK,Thread Group 1-26,text,true,,1056,357,30,30,https://thinking-tester-contact-list.herokuapp.com/contacts,258,0,0
1709296382010,258,GET-Contact,200,OK,Thread Group 1-39,text,true,,1056,357,30,30,https://thinking-tester-contact-list.herokuapp.com/contacts,258,0,0
1709296379033,3269,GET-UserProfile,200,OK,Thread Group 1-33,text,false,"The operation lasted too long: It took 3,269 milliseconds, but should not have lasted longer than 3,000 milliseconds.",853,357,29,29,https://thinking-tester-contact-list.herokuapp.com/users/me,3269,0,3020
1709296382051,254,GET-Contact,200,OK,Thread Group 1-40,text,true,,1056,357,29,29,https://thinking-tester-contact-list.herokuapp.com/contacts,254,0,0
1709296380534,1859,GET-UserProfile,200,OK,Thread Group 1-48,text,true,,853,357,29,29,https://thinking-tester-contact-list.herokuapp.com/users/me,1859,0,1597
1709296379434,3088,GET-UserProfile,200,OK,Thread Group 1-37,text,false,"The operation lasted too long: It took 3,088 milliseconds, but should not have lasted longer than 3,000 milliseconds.",853,357,30,30,https://thinking-tester-contact-list.herokuapp.com/users/me,3088,0,2374
1709296379233,3289,GET-UserProfile,200,OK,Thread Group 1-35,text,false,"The operation lasted too long: It took 3,289 milliseconds, but should not have lasted longer than 3,000 milliseconds.",853,357,30,30,https://thinking-tester-contact-list.herokuapp.com/users/me,3289,0,2618
1709296382304,264,GET-Contact,200,OK,Thread Group 1-33,text,true,,1060,357,31,31,https://thinking-tester-contact-list.herokuapp.com/contacts,264,0,0
1709296379837,2777,GET-UserProfile,200,OK,Thread Group 1-41,text,true,,857,357,30,30,https://thinking-tester-contact-list.herokuapp.com/users/me,2777,0,2484
1709296382394,271,GET-Contact,200,OK,Thread Group 1-48,text,true,,1060,357,31,31,https://thinking-tester-contact-list.herokuapp.com/contacts,271,0,0
1709296382524,258,GET-Contact,200,OK,Thread Group 1-35,text,true,,1060,357,31,31,https://thinking-tester-contact-list.herokuapp.com/contacts,258,0,0
1709296382524,264,GET-Contact,200,OK,Thread Group 1-37,text,true,,1060,357,30,30,https://thinking-tester-contact-list.herokuapp.com/contacts,264,0,0
1709296380435,2374,GET-UserProfile,200,OK,Thread Group 1-47,text,true,,857,357,29,29,https://thinking-tester-contact-list.herokuapp.com/users/me,2374,0,1765
1709296380634,2207,GET-UserProfile,200,OK,Thread Group 1-49,text,true,,857,357,30,30,https://thinking-tester-contact-list.herokuapp.com/users/me,2207,0,1950
1709296382616,268,GET-Contact,200,OK,Thread Group 1-41,text,true,,1060,357,30,30,https://thinking-tester-contact-list.herokuapp.com/contacts,268,0,0
1709296380935,1976,GET-UserProfile,200,OK,Thread Group 1-52,text,true,,857,357,29,29,https://thinking-tester-contact-list.herokuapp.com/users/me,1976,0,1722
1709296382811,262,GET-Contact,200,OK,Thread Group 1-47,text,true,,1060,357,31,31,https://thinking-tester-contact-list.herokuapp.com/contacts,262,0,0
1709296382842,259,GET-Contact,200,OK,Thread Group 1-49,text,true,,1060,357,30,30,https://thinking-tester-contact-list.herokuapp.com/contacts,259,0,0
1709296382911,248,GET-Contact,200,OK,Thread Group 1-52,text,true,,1060,357,30,30,https://thinking-tester-contact-list.herokuapp.com/contacts,248,0,0
1709296381134,2069,GET-UserProfile,200,OK,Thread Group 1-54,text,true,,857,357,29,29,https://thinking-tester-contact-list.herokuapp.com/users/me,2069,0,1744
1709296380334,2994,GET-UserProfile,200,OK,Thread Group 1-46,text,true,,857,357,30,30,https://thinking-tester-contact-list.herokuapp.com/users/me,2994,0,2183
1709296381235,2112,GET-UserProfile,200,OK,Thread Group 1-55,text,true,,857,357,31,31,https://thinking-tester-contact-list.herokuapp.com/users/me,2112,0,1852
1709296380833,2589,GET-UserProfile,200,OK,Thread Group 1-51,text,true,,857,357,31,31,https://thinking-tester-contact-list.herokuapp.com/users/me,2589,0,2304
1709296383203,267,GET-Contact,200,OK,Thread Group 1-54,text,true,,1060,357,32,32,https://thinking-tester-contact-list.herokuapp.com/contacts,267,0,0
1709296381435,2062,GET-UserProfile,200,OK,Thread Group 1-57,text,true,,857,357,31,31,https://thinking-tester-contact-list.herokuapp.com/users/me,2062,0,1780
1709296383330,298,GET-Contact,200,OK,Thread Group 1-46,text,true,,1056,357,32,32,https://thinking-tester-contact-list.herokuapp.com/contacts,298,0,0
1709296381335,2295,GET-UserProfile,200,OK,Thread Group 1-56,text,true,,853,357,31,31,https://thinking-tester-contact-list.herokuapp.com/users/me,2295,0,2032
1709296383347,288,GET-Contact,200,OK,Thread Group 1-55,text,true,,1056,357,32,32,https://thinking-tester-contact-list.herokuapp.com/contacts,288,0,0
1709296381978,1660,GET-Contact,200,OK,Thread Group 1-44,text,true,,1056,357,31,31,https://thinking-tester-contact-list.herokuapp.com/contacts,1660,0,0
1709296383498,344,GET-Contact,200,OK,Thread Group 1-57,text,true,,1056,357,32,32,https://thinking-tester-contact-list.herokuapp.com/contacts,344,0,0
1709296381534,2329,GET-UserProfile,200,OK,Thread Group 1-58,text,true,,853,357,31,31,https://thinking-tester-contact-list.herokuapp.com/users/me,2329,0,2033
1709296381836,2050,GET-UserProfile,200,OK,Thread Group 1-61,text,true,,853,357,31,31,https://thinking-tester-contact-list.herokuapp.com/users/me,2050,0,1777
1709296383631,317,GET-Contact,200,OK,Thread Group 1-56,text,true,,1056,357,32,32,https://thinking-tester-contact-list.herokuapp.com/contacts,317,0,0
1709296381736,2215,GET-UserProfile,Non HTTP response code: java.net.SocketException,Non HTTP response message: Connection reset,Thread Group 1-60,text,false,Test failed: code expected to contain /200/,3177,0,31,31,https://thinking-tester-contact-list.herokuapp.com/users/me,0,0,2214
1709296381934,2038,GET-UserProfile,200,OK,Thread Group 1-62,text,true,,853,357,31,31,https://thinking-tester-contact-list.herokuapp.com/users/me,2038,0,1748
1709296381034,3083,GET-UserProfile,200,OK,Thread Group 1-53,text,false,"The operation lasted too long: It took 3,083 milliseconds, but should not have lasted longer than 3,000 milliseconds.",853,357,32,32,https://thinking-tester-contact-list.herokuapp.com/users/me,3083,0,2366
1709296383424,694,GET-Contact,200,OK,Thread Group 1-51,text,true,,1056,357,32,32,https://thinking-tester-contact-list.herokuapp.com/contacts,694,0,0
1709296379934,4184,GET-UserProfile,200,OK,Thread Group 1-42,text,false,"The operation lasted too long: It took 4,184 milliseconds, but should not have lasted longer than 3,000 milliseconds.",853,357,31,31,https://thinking-tester-contact-list.herokuapp.com/users/me,4184,0,3842
1709296382135,1996,GET-UserProfile,200,OK,Thread Group 1-64,text,true,,853,357,31,31,https://thinking-tester-contact-list.herokuapp.com/users/me,1996,0,1729
1709296383887,286,GET-Contact,200,OK,Thread Group 1-61,text,true,,1056,357,32,32,https://thinking-tester-contact-list.herokuapp.com/contacts,286,0,0
1709296383972,277,GET-Contact,200,OK,Thread Group 1-62,text,true,,1056,357,32,32,https://thinking-tester-contact-list.herokuapp.com/contacts,277,0,0
1709296382234,2046,GET-UserProfile,200,OK,Thread Group 1-65,text,true,,853,357,31,31,https://thinking-tester-contact-list.herokuapp.com/users/me,2046,0,1773
1709296384120,264,GET-Contact,200,OK,Thread Group 1-42,text,true,,1056,357,32,32,https://thinking-tester-contact-list.herokuapp.com/contacts,264,0,0
1709296380034,4352,GET-UserProfile,200,OK,Thread Group 1-43,text,false,"The operation lasted too long: It took 4,352 milliseconds, but should not have lasted longer than 3,000 milliseconds.",853,357,31,31,https://thinking-tester-contact-list.herokuapp.com/users/me,4352,0,4082
1709296381635,2755,GET-UserProfile,200,OK,Thread Group 1-59,text,true,,853,357,31,31,https://thinking-tester-contact-list.herokuapp.com/users/me,2755,0,2488
1709296384132,269,GET-Contact,200,OK,Thread Group 1-64,text,true,,1056,357,31,31,https://thinking-tester-contact-list.herokuapp.com/contacts,269,0,0
1709296384118,294,GET-Contact,200,OK,Thread Group 1-53,text,true,,1056,357,30,30,https://thinking-tester-contact-list.herokuapp.com/contacts,293,0,0
1709296383335,1108,GET-UserProfile,200,OK,Thread Group 1-76,text,true,,853,357,30,30,https://thinking-tester-contact-list.herokuapp.com/users/me,1108,0,831
1709296383864,594,GET-Contact,200,OK,Thread Group 1-58,text,true,,1056,357,30,30,https://thinking-tester-contact-list.herokuapp.com/contacts,594,0,0
1709296382435,2060,GET-UserProfile,200,OK,Thread Group 1-67,text,true,,853,357,29,29,https://thinking-tester-contact-list.herokuapp.com/users/me,2060,0,1773
1709296380734,3812,GET-UserProfile,200,OK,Thread Group 1-50,text,false,"The operation lasted too long: It took 3,812 milliseconds, but should not have lasted longer than 3,000 milliseconds.",853,357,30,30,https://thinking-tester-contact-list.herokuapp.com/users/me,3812,0,3519
1709296384281,286,GET-Contact,200,OK,Thread Group 1-65,text,true,,1060,357,30,30,https://thinking-tester-contact-list.herokuapp.com/contacts,286,0,0
1709296382635,2044,GET-UserProfile,200,OK,Thread Group 1-69,text,true,,857,357,30,30,https://thinking-tester-contact-list.herokuapp.com/users/me,2044,0,1772
1709296382733,1955,GET-UserProfile,200,OK,Thread Group 1-70,text,true,,857,357,30,30,https://thinking-tester-contact-list.herokuapp.com/users/me,1955,0,1704
1709296384387,332,GET-Contact,200,OK,Thread Group 1-43,text,true,,1060,357,30,30,https://thinking-tester-contact-list.herokuapp.com/contacts,332,0,0
1709296384390,331,GET-Contact,200,OK,Thread Group 1-59,text,true,,1060,357,29,29,https://thinking-tester-contact-list.herokuapp.com/contacts,331,0,0
1709296384443,312,GET-Contact,200,OK,Thread Group 1-76,text,true,,1060,357,29,29,https://thinking-tester-contact-list.herokuapp.com/contacts,312,0,0
1709296382334,2432,GET-UserProfile,200,OK,Thread Group 1-66,text,true,,853,357,28,28,https://thinking-tester-contact-list.herokuapp.com/users/me,2432,0,1727
1709296382835,1949,GET-UserProfile,200,OK,Thread Group 1-71,text,true,,857,357,28,28,https://thinking-tester-contact-list.herokuapp.com/users/me,1949,0,1699
1709296384496,288,GET-Contact,200,OK,Thread Group 1-67,text,true,,1060,357,28,28,https://thinking-tester-contact-list.herokuapp.com/contacts,288,0,0
1709296384547,280,GET-Contact,200,OK,Thread Group 1-50,text,true,,1060,357,27,27,https://thinking-tester-contact-list.herokuapp.com/contacts,280,0,0
1709296383134,1745,GET-UserProfile,200,OK,Thread Group 1-74,text,true,,857,357,27,27,https://thinking-tester-contact-list.herokuapp.com/users/me,1745,0,1453
1709296384688,267,GET-Contact,200,OK,Thread Group 1-70,text,true,,1060,357,28,28,https://thinking-tester-contact-list.herokuapp.com/contacts,267,0,0
1709296382936,2032,GET-UserProfile,200,OK,Thread Group 1-72,text,true,,857,357,27,27,https://thinking-tester-contact-list.herokuapp.com/users/me,2032,0,1773
1709296384680,296,GET-Contact,200,OK,Thread Group 1-69,text,true,,1060,357,27,27,https://thinking-tester-contact-list.herokuapp.com/contacts,296,0,0
1709296384766,291,GET-Contact,200,OK,Thread Group 1-66,text,true,,1060,357,27,27,https://thinking-tester-contact-list.herokuapp.com/contacts,291,0,0
1709296384785,284,GET-Contact,200,OK,Thread Group 1-71,text,true,,1060,357,26,26,https://thinking-tester-contact-list.herokuapp.com/contacts,284,0,0
1709296384880,271,GET-Contact,200,OK,Thread Group 1-74,text,true,,1060,357,26,26,https://thinking-tester-contact-list.herokuapp.com/contacts,271,0,0
1709296384968,290,GET-Contact,200,OK,Thread Group 1-72,text,true,,1060,357,26,26,https://thinking-tester-contact-list.herokuapp.com/contacts,290,0,0
1709296380233,5209,GET-UserProfile,200,OK,Thread Group 1-45,text,false,"The operation lasted too long: It took 5,209 milliseconds, but should not have lasted longer than 3,000 milliseconds.",857,357,26,26,https://thinking-tester-contact-list.herokuapp.com/users/me,5209,0,4396
1709296383535,1949,GET-UserProfile,200,OK,Thread Group 1-78,text,true,,857,357,27,27,https://thinking-tester-contact-list.herokuapp.com/users/me,1949,0,1683
1709296383235,2321,GET-UserProfile,200,OK,Thread Group 1-75,text,true,,857,357,28,28,https://thinking-tester-contact-list.herokuapp.com/users/me,2321,0,2042
1709296383036,2575,GET-UserProfile,200,OK,Thread Group 1-73,text,true,,857,357,28,28,https://thinking-tester-contact-list.herokuapp.com/users/me,2575,0,1978
1709296384134,1503,GET-UserProfile,Non HTTP response code: java.net.SocketException,Non HTTP response message: Connection reset,Thread Group 1-84,text,false,Test failed: code expected to contain /200/,3177,0,28,28,https://thinking-tester-contact-list.herokuapp.com/users/me,0,0,1502
1709296382034,3612,GET-UserProfile,200,OK,Thread Group 1-63,text,false,"The operation lasted too long: It took 3,612 milliseconds, but should not have lasted longer than 3,000 milliseconds.",857,357,28,28,https://thinking-tester-contact-list.herokuapp.com/users/me,3612,0,2734
1709296383735,2036,GET-UserProfile,200,OK,Thread Group 1-80,text,true,,857,357,30,30,https://thinking-tester-contact-list.herokuapp.com/users/me,2036,0,1692
1709296385444,357,GET-Contact,200,OK,Thread Group 1-45,text,true,,1060,357,30,30,https://thinking-tester-contact-list.herokuapp.com/contacts,357,0,0
1709296385484,327,GET-Contact,200,OK,Thread Group 1-78,text,true,,1060,357,29,29,https://thinking-tester-contact-list.herokuapp.com/contacts,327,0,0
1709296385557,267,GET-Contact,200,OK,Thread Group 1-75,text,true,,1060,357,28,28,https://thinking-tester-contact-list.herokuapp.com/contacts,267,0,0
1709296383435,2410,GET-UserProfile,200,OK,Thread Group 1-77,text,true,,857,357,28,28,https://thinking-tester-contact-list.herokuapp.com/users/me,2410,0,2141
1709296385611,265,GET-Contact,200,OK,Thread Group 1-73,text,true,,1060,357,28,28,https://thinking-tester-contact-list.herokuapp.com/contacts,265,0,0
1709296383949,1945,GET-UserProfile,200,OK,Thread Group 1-82,text,true,,857,357,27,27,https://thinking-tester-contact-list.herokuapp.com/users/me,1945,0,1694
1709296385647,260,GET-Contact,200,OK,Thread Group 1-63,text,true,,1060,357,27,27,https://thinking-tester-contact-list.herokuapp.com/contacts,260,0,0
1709296384436,1550,GET-UserProfile,200,OK,Thread Group 1-87,text,true,,857,357,27,27,https://thinking-tester-contact-list.herokuapp.com/users/me,1550,0,1293
1709296385771,265,GET-Contact,200,OK,Thread Group 1-80,text,true,,1060,357,28,28,https://thinking-tester-contact-list.herokuapp.com/contacts,265,0,0
1709296383635,2409,GET-UserProfile,200,OK,Thread Group 1-79,text,true,,857,357,27,27,https://thinking-tester-contact-list.herokuapp.com/users/me,2409,0,1746
1709296385845,259,GET-Contact,200,OK,Thread Group 1-77,text,true,,1060,357,27,27,https://thinking-tester-contact-list.herokuapp.com/contacts,259,0,0
1709296385894,256,GET-Contact,200,OK,Thread Group 1-82,text,true,,1060,357,27,27,https://thinking-tester-contact-list.herokuapp.com/contacts,256,0,0
1709296385986,261,GET-Contact,200,OK,Thread Group 1-87,text,true,,1060,357,27,27,https://thinking-tester-contact-list.herokuapp.com/contacts,261,0,0
1709296383835,2470,GET-UserProfile,200,OK,Thread Group 1-81,text,true,,857,357,26,26,https://thinking-tester-contact-list.herokuapp.com/users/me,2470,0,2219
1709296386044,264,GET-Contact,200,OK,Thread Group 1-79,text,true,,1060,357,26,26,https://thinking-tester-contact-list.herokuapp.com/contacts,264,0,0
1709296384234,2287,GET-UserProfile,200,OK,Thread Group 1-85,text,true,,857,357,27,27,https://thinking-tester-contact-list.herokuapp.com/users/me,2287,0,2026
1709296384536,2057,GET-UserProfile,200,OK,Thread Group 1-88,text,true,,853,357,28,28,https://thinking-tester-contact-list.herokuapp.com/users/me,2057,0,1786
1709296384036,2598,GET-UserProfile,200,OK,Thread Group 1-83,text,true,,853,357,29,29,https://thinking-tester-contact-list.herokuapp.com/users/me,2598,0,2303
1709296384936,1736,GET-UserProfile,200,OK,Thread Group 1-92,text,true,,853,357,29,29,https://thinking-tester-contact-list.herokuapp.com/users/me,1736,0,1483
1709296384735,1973,GET-UserProfile,200,OK,Thread Group 1-90,text,true,,853,357,29,29,https://thinking-tester-contact-list.herokuapp.com/users/me,1973,0,1718
1709296386520,267,GET-Contact,200,OK,Thread Group 1-85,text,true,,1056,357,30,30,https://thinking-tester-contact-list.herokuapp.com/contacts,267,0,0
1709296386597,257,GET-Contact,200,OK,Thread Group 1-88,text,true,,1056,357,30,30,https://thinking-tester-contact-list.herokuapp.com/contacts,257,0,0
1709296384336,2534,GET-UserProfile,200,OK,Thread Group 1-86,text,true,,853,357,29,29,https://thinking-tester-contact-list.herokuapp.com/users/me,2534,0,1961
1709296382535,4347,GET-UserProfile,200,OK,Thread Group 1-68,text,false,"The operation lasted too long: It took 4,347 milliseconds, but should not have lasted longer than 3,000 milliseconds.",857,357,29,29,https://thinking-tester-contact-list.herokuapp.com/users/me,4347,0,3507
1709296386633,258,GET-Contact,200,OK,Thread Group 1-83,text,true,,1056,357,29,29,https://thinking-tester-contact-list.herokuapp.com/contacts,258,0,0
1709296384634,2260,GET-UserProfile,200,OK,Thread Group 1-89,text,true,,857,357,28,28,https://thinking-tester-contact-list.herokuapp.com/users/me,2260,0,1421
1709296386672,256,GET-Contact,200,OK,Thread Group 1-92,text,true,,1056,357,28,28,https://thinking-tester-contact-list.herokuapp.com/contacts,256,0,0
1709296383952,3017,GET-Contact,200,OK,Thread Group 1-60,text,false,"The operation lasted too long: It took 3,017 milliseconds, but should not have lasted longer than 3,000 milliseconds.",1056,357,28,28,https://thinking-tester-contact-list.herokuapp.com/contacts,3017,0,2751
1709296386707,264,GET-Contact,200,OK,Thread Group 1-90,text,true,,1056,357,27,27,https://thinking-tester-contact-list.herokuapp.com/contacts,264,0,0
1709296385047,2014,GET-UserProfile,200,OK,Thread Group 1-93,text,true,,853,357,27,27,https://thinking-tester-contact-list.herokuapp.com/users/me,2014,0,1735
1709296386881,261,GET-Contact,200,OK,Thread Group 1-68,text,true,,1056,357,28,28,https://thinking-tester-contact-list.herokuapp.com/contacts,261,0,0
1709296386305,846,GET-Contact,200,OK,Thread Group 1-81,text,true,,1056,357,27,27,https://thinking-tester-contact-list.herokuapp.com/contacts,846,0,0
1709296385351,1989,GET-UserProfile,200,OK,Thread Group 1-96,text,true,,853,357,28,28,https://thinking-tester-contact-list.herokuapp.com/users/me,1989,0,1713
1709296385234,2106,GET-UserProfile,200,OK,Thread Group 1-95,text,true,,853,357,28,28,https://thinking-tester-contact-list.herokuapp.com/users/me,2106,0,1775
1709296385743,1606,GET-UserProfile,200,OK,Thread Group 1-100,text,true,,853,357,28,28,https://thinking-tester-contact-list.herokuapp.com/users/me,1606,0,1344
1709296387061,292,GET-Contact,200,OK,Thread Group 1-93,text,true,,1056,357,28,28,https://thinking-tester-contact-list.herokuapp.com/contacts,292,0,0
1709296385536,1848,GET-UserProfile,200,OK,Thread Group 1-98,text,true,,853,357,27,27,https://thinking-tester-contact-list.herokuapp.com/users/me,1848,0,1433
1709296386870,524,GET-Contact,200,OK,Thread Group 1-86,text,true,,1056,357,27,27,https://thinking-tester-contact-list.herokuapp.com/contacts,524,0,0
1709296386894,500,GET-Contact,200,OK,Thread Group 1-89,text,true,,1056,357,27,27,https://thinking-tester-contact-list.herokuapp.com/contacts,500,0,0
1709296384836,2571,GET-UserProfile,200,OK,Thread Group 1-91,text,true,,853,357,25,25,https://thinking-tester-contact-list.herokuapp.com/users/me,2571,0,2299
1709296385638,2046,GET-Contact,200,OK,Thread Group 1-84,text,true,,1056,357,28,28,https://thinking-tester-contact-list.herokuapp.com/contacts,2046,0,1742
1709296387340,346,GET-Contact,200,OK,Thread Group 1-96,text,true,,1056,357,27,27,https://thinking-tester-contact-list.herokuapp.com/contacts,346,0,0
1709296387348,338,GET-Contact,200,OK,Thread Group 1-100,text,true,,1056,357,27,27,https://thinking-tester-contact-list.herokuapp.com/contacts,338,0,0
1709296387384,302,GET-Contact,200,OK,Thread Group 1-98,text,true,,1056,357,27,27,https://thinking-tester-contact-list.herokuapp.com/contacts,302,0,0
1709296385839,1849,GET-UserProfile,200,OK,Thread Group 1-101,text,true,,853,357,26,26,https://thinking-tester-contact-list.herokuapp.com/users/me,1849,0,1556
1709296387340,351,GET-Contact,200,OK,Thread Group 1-95,text,true,,1056,357,24,24,https://thinking-tester-contact-list.herokuapp.com/contacts,351,0,0
1709296387406,285,GET-Contact,200,OK,Thread Group 1-91,text,true,,1056,357,24,24,https://thinking-tester-contact-list.herokuapp.com/contacts,285,0,0
1709296385134,2558,GET-UserProfile,200,OK,Thread Group 1-94,text,true,,853,357,24,24,https://thinking-tester-contact-list.herokuapp.com/users/me,2558,0,2307
1709296385947,1763,GET-UserProfile,200,OK,Thread Group 1-102,text,true,,853,357,22,22,https://thinking-tester-contact-list.herokuapp.com/users/me,1763,0,1489
1709296386135,1589,GET-UserProfile,200,OK,Thread Group 1-104,text,true,,853,357,22,22,https://thinking-tester-contact-list.herokuapp.com/users/me,1589,0,1328
1709296385451,2379,GET-UserProfile,200,OK,Thread Group 1-97,text,true,,853,357,23,23,https://thinking-tester-contact-list.herokuapp.com/users/me,2379,0,2101
1709296385648,2185,GET-UserProfile,200,OK,Thread Group 1-99,text,true,,853,357,23,23,https://thinking-tester-contact-list.herokuapp.com/users/me,2185,0,1926
1709296387687,263,GET-Contact,200,OK,Thread Group 1-101,text,true,,1056,357,25,25,https://thinking-tester-contact-list.herokuapp.com/contacts,263,0,0
1709296387691,263,GET-Contact,200,OK,Thread Group 1-94,text,true,,1056,357,24,24,https://thinking-tester-contact-list.herokuapp.com/contacts,263,0,0
1709296387710,289,GET-Contact,200,OK,Thread Group 1-102,text,true,,1056,357,23,23,https://thinking-tester-contact-list.herokuapp.com/contacts,289,0,0
1709296387725,292,GET-Contact,200,OK,Thread Group 1-104,text,true,,1056,357,22,22,https://thinking-tester-contact-list.herokuapp.com/contacts,292,0,0
1709296387832,278,GET-Contact,200,OK,Thread Group 1-99,text,true,,1056,357,22,22,https://thinking-tester-contact-list.herokuapp.com/contacts,278,0,0
1709296387829,298,GET-Contact,200,OK,Thread Group 1-97,text,true,,1056,357,21,21,https://thinking-tester-contact-list.herokuapp.com/contacts,297,0,0
1709296386632,1498,GET-UserProfile,200,OK,Thread Group 1-109,text,true,,853,357,20,20,https://thinking-tester-contact-list.herokuapp.com/users/me,1498,0,1234
1709296386233,2156,GET-UserProfile,200,OK,Thread Group 1-105,text,true,,853,357,23,23,https://thinking-tester-contact-list.herokuapp.com/users/me,2156,0,1420
1709296388130,262,GET-Contact,200,OK,Thread Group 1-109,text,true,,1056,357,23,23,https://thinking-tester-contact-list.herokuapp.com/contacts,262,0,0
1709296386534,1998,GET-UserProfile,200,OK,Thread Group 1-108,text,true,,853,357,23,23,https://thinking-tester-contact-list.herokuapp.com/users/me,1998,0,1733
1709296386834,1812,GET-UserProfile,200,OK,Thread Group 1-111,text,true,,853,357,25,25,https://thinking-tester-contact-list.herokuapp.com/users/me,1812,0,1526
1709296386035,2612,GET-UserProfile,200,OK,Thread Group 1-103,text,true,,853,357,25,25,https://thinking-tester-contact-list.herokuapp.com/users/me,2612,0,2325
1709296388389,285,GET-Contact,200,OK,Thread Group 1-105,text,true,,1056,357,25,25,https://thinking-tester-contact-list.herokuapp.com/contacts,285,0,0
1709296388532,251,GET-Contact,200,OK,Thread Group 1-108,text,true,,1056,357,25,25,https://thinking-tester-contact-list.herokuapp.com/contacts,251,0,0
1709296387033,1768,GET-UserProfile,200,OK,Thread Group 1-113,text,true,,853,357,24,24,https://thinking-tester-contact-list.herokuapp.com/users/me,1768,0,1359
1709296386334,2530,GET-UserProfile,200,OK,Thread Group 1-106,text,true,,853,357,25,25,https://thinking-tester-contact-list.herokuapp.com/users/me,2530,0,1304
1709296388646,276,GET-Contact,200,OK,Thread Group 1-111,text,true,,1056,357,25,25,https://thinking-tester-contact-list.herokuapp.com/contacts,276,0,0
1709296387133,1789,GET-UserProfile,200,OK,Thread Group 1-114,text,true,,853,357,25,25,https://thinking-tester-contact-list.herokuapp.com/users/me,1789,0,1525
1709296387434,1497,GET-UserProfile,Non HTTP response code: java.net.SocketException,Non HTTP response message: Connection reset,Thread Group 1-117,text,false,Test failed: code expected to contain /200/,3177,0,24,24,https://thinking-tester-contact-list.herokuapp.com/users/me,0,0,1497
1709296388647,294,GET-Contact,200,OK,Thread Group 1-103,text,true,,1056,357,25,25,https://thinking-tester-contact-list.herokuapp.com/contacts,294,0,0
1709296387333,1659,GET-UserProfile,200,OK,Thread Group 1-116,text,true,,853,357,24,24,https://thinking-tester-contact-list.herokuapp.com/users/me,1659,0,797
1709296388865,279,GET-Contact,200,OK,Thread Group 1-106,text,true,,1056,357,26,26,https://thinking-tester-contact-list.herokuapp.com/contacts,279,0,0
1709296388802,349,GET-Contact,200,OK,Thread Group 1-113,text,true,,1056,357,25,25,https://thinking-tester-contact-list.herokuapp.com/contacts,349,0,0
1709296387234,2013,GET-UserProfile,200,OK,Thread Group 1-115,text,true,,853,357,25,25,https://thinking-tester-contact-list.herokuapp.com/users/me,2013,0,1748
1709296388992,257,GET-Contact,200,OK,Thread Group 1-116,text,true,,1056,357,25,25,https://thinking-tester-contact-list.herokuapp.com/contacts,257,0,0
1709296386434,2879,GET-UserProfile,200,OK,Thread Group 1-107,text,true,,853,357,24,24,https://thinking-tester-contact-list.herokuapp.com/users/me,2879,0,2604
1709296388922,432,GET-Contact,200,OK,Thread Group 1-114,text,true,,1056,357,25,25,https://thinking-tester-contact-list.herokuapp.com/contacts,432,0,0
1709296386732,2731,GET-UserProfile,200,OK,Thread Group 1-110,text,true,,853,357,25,25,https://thinking-tester-contact-list.herokuapp.com/users/me,2731,0,2309
1709296386934,2784,GET-UserProfile,200,OK,Thread Group 1-112,text,true,,853,357,27,27,https://thinking-tester-contact-list.herokuapp.com/users/me,2784,0,2313
1709296389463,261,GET-Contact,200,OK,Thread Group 1-110,text,true,,1068,357,27,27,https://thinking-tester-contact-list.herokuapp.com/contacts,261,0,0
1709296388634,1236,GET-UserProfile,200,OK,Thread Group 1-129,text,true,,865,357,28,28,https://thinking-tester-contact-list.herokuapp.com/users/me,1236,0,982
1709296389247,690,GET-Contact,200,OK,Thread Group 1-115,text,true,,1068,357,29,29,https://thinking-tester-contact-list.herokuapp.com/contacts,690,0,0
1709296389718,252,GET-Contact,200,OK,Thread Group 1-112,text,true,,1068,357,28,28,https://thinking-tester-contact-list.herokuapp.com/contacts,252,0,0
1709296388334,1751,GET-UserProfile,200,OK,Thread Group 1-126,text,true,,865,357,28,28,https://thinking-tester-contact-list.herokuapp.com/users/me,1751,0,1470
1709296389870,255,GET-Contact,200,OK,Thread Group 1-129,text,true,,1068,357,28,28,https://thinking-tester-contact-list.herokuapp.com/contacts,255,0,0
1709296389313,820,GET-Contact,200,OK,Thread Group 1-107,text,true,,1068,357,28,28,https://thinking-tester-contact-list.herokuapp.com/contacts,820,0,0
1709296387533,2648,GET-UserProfile,200,OK,Thread Group 1-118,text,true,,865,357,27,27,https://thinking-tester-contact-list.herokuapp.com/users/me,2648,0,2394
1709296388834,1359,GET-UserProfile,200,OK,Thread Group 1-131,text,true,,865,357,27,27,https://thinking-tester-contact-list.herokuapp.com/users/me,1359,0,764
1709296388735,1582,GET-UserProfile,200,OK,Thread Group 1-130,text,true,,865,357,28,28,https://thinking-tester-contact-list.herokuapp.com/users/me,1582,0,1329
1709296387633,2689,GET-UserProfile,200,OK,Thread Group 1-119,text,true,,865,357,28,28,https://thinking-tester-contact-list.herokuapp.com/users/me,2689,0,2431
1709296388035,2302,GET-UserProfile,200,OK,Thread Group 1-123,text,true,,865,357,29,29,https://thinking-tester-contact-list.herokuapp.com/users/me,2302,0,2041
1709296388934,1421,GET-UserProfile,200,OK,Thread Group 1-132,text,true,,865,357,29,29,https://thinking-tester-contact-list.herokuapp.com/users/me,1421,0,1162
1709296390119,263,GET-Contact,200,OK,Thread Group 1-126,text,true,,1068,357,29,29,https://thinking-tester-contact-list.herokuapp.com/contacts,263,0,0
1709296390182,507,GET-Contact,200,OK,Thread Group 1-118,text,true,,1068,357,31,31,https://thinking-tester-contact-list.herokuapp.com/contacts,507,0,0
1709296387834,2856,GET-UserProfile,200,OK,Thread Group 1-121,text,true,,865,357,30,30,https://thinking-tester-contact-list.herokuapp.com/users/me,2856,0,1698
1709296390194,511,GET-Contact,200,OK,Thread Group 1-131,text,true,,1068,357,30,30,https://thinking-tester-contact-list.herokuapp.com/contacts,511,0,0
1709296387934,2783,GET-UserProfile,200,OK,Thread Group 1-122,text,true,,853,357,29,29,https://thinking-tester-contact-list.herokuapp.com/users/me,2783,0,2374
1709296390356,365,GET-Contact,200,OK,Thread Group 1-132,text,true,,1056,357,29,29,https://thinking-tester-contact-list.herokuapp.com/contacts,364,0,0
1709296390322,403,GET-Contact,200,OK,Thread Group 1-119,text,true,,1056,357,28,28,https://thinking-tester-contact-list.herokuapp.com/contacts,403,0,0
1709296390317,410,GET-Contact,200,OK,Thread Group 1-130,text,true,,1056,357,27,27,https://thinking-tester-contact-list.herokuapp.com/contacts,410,0,0
1709296390337,390,GET-Contact,200,OK,Thread Group 1-123,text,true,,1056,357,27,27,https://thinking-tester-contact-list.herokuapp.com/contacts,390,0,0
1709296389133,1651,GET-UserProfile,200,OK,Thread Group 1-134,text,true,,853,357,26,26,https://thinking-tester-contact-list.herokuapp.com/users/me,1651,0,1396
1709296387732,3097,GET-UserProfile,200,OK,Thread Group 1-120,text,false,"The operation lasted too long: It took 3,097 milliseconds, but should not have lasted longer than 3,000 milliseconds.",853,357,26,26,https://thinking-tester-contact-list.herokuapp.com/users/me,3097,0,2842
1709296388533,2346,GET-UserProfile,200,OK,Thread Group 1-128,text,true,,853,357,27,27,https://thinking-tester-contact-list.herokuapp.com/users/me,2346,0,2091
1709296390691,263,GET-Contact,200,OK,Thread Group 1-121,text,true,,1056,357,28,28,https://thinking-tester-contact-list.herokuapp.com/contacts,263,0,0
1709296389333,1637,GET-UserProfile,200,OK,Thread Group 1-136,text,true,,853,357,27,27,https://thinking-tester-contact-list.herokuapp.com/users/me,1637,0,1386
1709296390717,255,GET-Contact,200,OK,Thread Group 1-122,text,true,,1056,357,27,27,https://thinking-tester-contact-list.herokuapp.com/contacts,255,0,0
1709296388234,2772,GET-UserProfile,200,OK,Thread Group 1-125,text,true,,865,357,26,26,https://thinking-tester-contact-list.herokuapp.com/users/me,2772,0,1953
1709296389033,2008,GET-UserProfile,200,OK,Thread Group 1-133,text,true,,853,357,27,27,https://thinking-tester-contact-list.herokuapp.com/users/me,2008,0,1746
1709296390785,259,GET-Contact,200,OK,Thread Group 1-134,text,true,,1056,357,27,27,https://thinking-tester-contact-list.herokuapp.com/contacts,259,0,0
1709296390830,258,GET-Contact,200,OK,Thread Group 1-120,text,true,,1056,357,26,26,https://thinking-tester-contact-list.herokuapp.com/contacts,258,0,0
1709296390879,258,GET-Contact,200,OK,Thread Group 1-128,text,true,,1056,357,26,26,https://thinking-tester-contact-list.herokuapp.com/contacts,258,0,0
1709296390972,261,GET-Contact,200,OK,Thread Group 1-136,text,true,,1056,357,25,25,https://thinking-tester-contact-list.herokuapp.com/contacts,261,0,0
1709296391008,259,GET-Contact,200,OK,Thread Group 1-125,text,true,,1056,357,25,25,https://thinking-tester-contact-list.herokuapp.com/contacts,259,0,0
1709296391043,261,GET-Contact,200,OK,Thread Group 1-133,text,true,,1056,357,24,24,https://thinking-tester-contact-list.herokuapp.com/contacts,261,0,0
1709296389632,1804,GET-UserProfile,200,OK,Thread Group 1-139,text,true,,853,357,25,25,https://thinking-tester-contact-list.herokuapp.com/users/me,1804,0,1543
1709296388134,3319,GET-UserProfile,200,OK,Thread Group 1-124,text,false,"The operation lasted too long: It took 3,319 milliseconds, but should not have lasted longer than 3,000 milliseconds.",853,357,25,25,https://thinking-tester-contact-list.herokuapp.com/users/me,3319,0,2233
1709296389233,2286,GET-UserProfile,200,OK,Thread Group 1-135,text,true,,853,357,25,25,https://thinking-tester-contact-list.herokuapp.com/users/me,2286,0,2022
1709296389833,1694,GET-UserProfile,200,OK,Thread Group 1-141,text,true,,853,357,25,25,https://thinking-tester-contact-list.herokuapp.com/users/me,1694,0,1425
1709296389734,1801,GET-UserProfile,200,OK,Thread Group 1-140,text,true,,853,357,26,26,https://thinking-tester-contact-list.herokuapp.com/users/me,1801,0,1541
1709296388433,3236,GET-UserProfile,200,OK,Thread Group 1-127,text,false,"The operation lasted too long: It took 3,236 milliseconds, but should not have lasted longer than 3,000 milliseconds.",865,357,27,27,https://thinking-tester-contact-list.herokuapp.com/users/me,3236,0,1992
1709296391437,264,GET-Contact,200,OK,Thread Group 1-139,text,true,,1068,357,27,27,https://thinking-tester-contact-list.herokuapp.com/contacts,264,0,0
1709296391454,256,GET-Contact,200,OK,Thread Group 1-124,text,true,,1068,357,26,26,https://thinking-tester-contact-list.herokuapp.com/contacts,256,0,0
1709296391529,257,GET-Contact,200,OK,Thread Group 1-141,text,true,,1068,357,26,26,https://thinking-tester-contact-list.herokuapp.com/contacts,257,0,0
1709296391536,256,GET-Contact,200,OK,Thread Group 1-140,text,true,,1068,357,25,25,https://thinking-tester-contact-list.herokuapp.com/contacts,256,0,0
1709296389433,2393,GET-UserProfile,200,OK,Thread Group 1-137,text,true,,865,357,24,24,https://thinking-tester-contact-list.herokuapp.com/users/me,2392,0,2130
1709296389933,1894,GET-UserProfile,200,OK,Thread Group 1-142,text,true,,865,357,24,24,https://thinking-tester-contact-list.herokuapp.com/users/me,1894,0,1638
1709296389533,2366,GET-UserProfile,200,OK,Thread Group 1-138,text,true,,865,357,25,25,https://thinking-tester-contact-list.herokuapp.com/users/me,2366,0,2106
1709296391670,254,GET-Contact,200,OK,Thread Group 1-127,text,true,,1068,357,25,25,https://thinking-tester-contact-list.herokuapp.com/contacts,254,0,0
1709296391828,258,GET-Contact,200,OK,Thread Group 1-142,text,true,,1068,357,26,26,https://thinking-tester-contact-list.herokuapp.com/contacts,258,0,0
1709296391520,643,GET-Contact,200,OK,Thread Group 1-135,text,true,,1068,357,26,26,https://thinking-tester-contact-list.herokuapp.com/contacts,642,0,0
1709296388932,3230,GET-Contact,200,OK,Thread Group 1-117,text,false,"The operation lasted too long: It took 3,230 milliseconds, but should not have lasted longer than 3,000 milliseconds.",1068,357,26,26,https://thinking-tester-contact-list.herokuapp.com/contacts,3229,0,1469
1709296391827,341,GET-Contact,200,OK,Thread Group 1-137,text,true,,1068,357,24,24,https://thinking-tester-contact-list.herokuapp.com/contacts,341,0,0
1709296391901,316,GET-Contact,200,OK,Thread Group 1-138,text,true,,1068,357,23,23,https://thinking-tester-contact-list.herokuapp.com/contacts,316,0,0
1709296390233,2018,GET-UserProfile,200,OK,Thread Group 1-145,text,true,,865,357,23,23,https://thinking-tester-contact-list.herokuapp.com/users/me,2018,0,1750
1709296390334,1929,GET-UserProfile,200,OK,Thread Group 1-146,text,true,,865,357,23,23,https://thinking-tester-contact-list.herokuapp.com/users/me,1929,0,1671
1709296392253,326,GET-Contact,200,OK,Thread Group 1-145,text,true,,1068,357,26,26,https://thinking-tester-contact-list.herokuapp.com/contacts,326,0,0
1709296390633,2020,GET-UserProfile,200,OK,Thread Group 1-149,text,true,,857,357,26,26,https://thinking-tester-contact-list.herokuapp.com/users/me,2020,0,1750
1709296391135,1522,GET-UserProfile,200,OK,Thread Group 1-154,text,true,,857,357,26,26,https://thinking-tester-contact-list.herokuapp.com/users/me,1522,0,1273
1709296390935,1731,GET-UserProfile,200,OK,Thread Group 1-152,text,true,,857,357,26,26,https://thinking-tester-contact-list.herokuapp.com/users/me,1731,0,1478
1709296390734,2021,GET-UserProfile,200,OK,Thread Group 1-150,text,true,,857,357,27,27,https://thinking-tester-contact-list.herokuapp.com/users/me,2020,0,1761
1709296390834,2060,GET-UserProfile,200,OK,Thread Group 1-151,text,true,,857,357,28,28,https://thinking-tester-contact-list.herokuapp.com/users/me,2060,0,1789
1709296392654,256,GET-Contact,200,OK,Thread Group 1-149,text,true,,1060,357,28,28,https://thinking-tester-contact-list.herokuapp.com/contacts,256,0,0
1709296392657,253,GET-Contact,200,OK,Thread Group 1-154,text,true,,1060,357,28,28,https://thinking-tester-contact-list.herokuapp.com/contacts,253,0,0
1709296392667,256,GET-Contact,200,OK,Thread Group 1-152,text,true,,1060,357,26,26,https://thinking-tester-contact-list.herokuapp.com/contacts,256,0,0
1709296390134,2797,GET-UserProfile,200,OK,Thread Group 1-144,text,true,,865,357,25,25,https://thinking-tester-contact-list.herokuapp.com/users/me,2797,0,2015
1709296392265,669,GET-Contact,200,OK,Thread Group 1-146,text,true,,1068,357,26,26,https://thinking-tester-contact-list.herokuapp.com/contacts,669,0,0
1709296392756,281,GET-Contact,200,OK,Thread Group 1-150,text,true,,1060,357,26,26,https://thinking-tester-contact-list.herokuapp.com/contacts,281,0,0
1709296390534,2533,GET-UserProfile,200,OK,Thread Group 1-148,text,true,,857,357,25,25,https://thinking-tester-contact-list.herokuapp.com/users/me,2533,0,2279
1709296390034,3062,GET-UserProfile,200,OK,Thread Group 1-143,text,false,"The operation lasted too long: It took 3,062 milliseconds, but should not have lasted longer than 3,000 milliseconds.",865,357,25,25,https://thinking-tester-contact-list.herokuapp.com/users/me,3062,0,2105
1709296390433,2724,GET-UserProfile,200,OK,Thread Group 1-147,text,true,,857,357,26,26,https://thinking-tester-contact-list.herokuapp.com/users/me,2724,0,2462
1709296392895,264,GET-Contact,200,OK,Thread Group 1-151,text,true,,1060,357,26,26,https://thinking-tester-contact-list.herokuapp.com/contacts,264,0,0
1709296392932,255,GET-Contact,200,OK,Thread Group 1-144,text,true,,1060,357,25,25,https://thinking-tester-contact-list.herokuapp.com/contacts,255,0,0
1709296391334,1961,GET-UserProfile,200,OK,Thread Group 1-156,text,true,,857,357,25,25,https://thinking-tester-contact-list.herokuapp.com/users/me,1961,0,1712
1709296393069,252,GET-Contact,200,OK,Thread Group 1-148,text,true,,1060,357,25,25,https://thinking-tester-contact-list.herokuapp.com/contacts,252,0,0
1709296393159,260,GET-Contact,200,OK,Thread Group 1-147,text,true,,1060,357,25,25,https://thinking-tester-contact-list.herokuapp.com/contacts,260,0,0
1709296393295,249,GET-Contact,200,OK,Thread Group 1-156,text,true,,1060,357,26,26,https://thinking-tester-contact-list.herokuapp.com/contacts,249,0,0
1709296391434,2179,GET-UserProfile,200,OK,Thread Group 1-157,text,true,,857,357,25,25,https://thinking-tester-contact-list.herokuapp.com/users/me,2179,0,1805
1709296391035,2578,GET-UserProfile,200,OK,Thread Group 1-153,text,true,,857,357,25,25,https://thinking-tester-contact-list.herokuapp.com/users/me,2578,0,2195
1709296393137,471,GET-Contact,200,OK,Thread Group 1-143,text,true,,1060,357,25,25,https://thinking-tester-contact-list.herokuapp.com/contacts,471,0,0
1709296391235,2495,GET-UserProfile,200,OK,Thread Group 1-155,text,true,,857,357,25,25,https://thinking-tester-contact-list.herokuapp.com/users/me,2494,0,2242
1709296391535,2218,GET-UserProfile,200,OK,Thread Group 1-158,text,true,,857,357,26,26,https://thinking-tester-contact-list.herokuapp.com/users/me,2218,0,1963
1709296391935,1910,GET-UserProfile,200,OK,Thread Group 1-162,text,true,,857,357,27,27,https://thinking-tester-contact-list.herokuapp.com/users/me,1910,0,1652
1709296393645,256,GET-Contact,200,OK,Thread Group 1-153,text,true,,1060,357,27,27,https://thinking-tester-contact-list.herokuapp.com/contacts,256,0,0
1709296393645,259,GET-Contact,200,OK,Thread Group 1-157,text,true,,1060,357,26,26,https://thinking-tester-contact-list.herokuapp.com/contacts,259,0,0
1709296393730,257,GET-Contact,200,OK,Thread Group 1-155,text,true,,1060,357,26,26,https://thinking-tester-contact-list.herokuapp.com/contacts,257,0,0
1709296393754,259,GET-Contact,200,OK,Thread Group 1-158,text,true,,1060,357,25,25,https://thinking-tester-contact-list.herokuapp.com/contacts,259,0,0
1709296392334,1746,GET-UserProfile,200,OK,Thread Group 1-166,text,true,,857,357,25,25,https://thinking-tester-contact-list.herokuapp.com/users/me,1746,0,1487
1709296393845,251,GET-Contact,200,OK,Thread Group 1-162,text,true,,1060,357,25,25,https://thinking-tester-contact-list.herokuapp.com/contacts,251,0,0
1709296391635,2507,GET-UserProfile,200,OK,Thread Group 1-159,text,true,,857,357,25,25,https://thinking-tester-contact-list.herokuapp.com/users/me,2507,0,1773
1709296391733,2460,GET-UserProfile,200,OK,Thread Group 1-160,text,true,,857,357,25,25,https://thinking-tester-contact-list.herokuapp.com/users/me,2460,0,2207
1709296394080,265,GET-Contact,200,OK,Thread Group 1-166,text,true,,1060,357,27,27,https://thinking-tester-contact-list.herokuapp.com/contacts,265,0,0
1709296392136,2257,GET-UserProfile,200,OK,Thread Group 1-164,text,true,,857,357,26,26,https://thinking-tester-contact-list.herokuapp.com/users/me,2257,0,1997
1709296394142,254,GET-Contact,200,OK,Thread Group 1-159,text,true,,1060,357,26,26,https://thinking-tester-contact-list.herokuapp.com/contacts,254,0,0
1709296394193,258,GET-Contact,200,OK,Thread Group 1-160,text,true,,1060,357,26,26,https://thinking-tester-contact-list.herokuapp.com/contacts,258,0,0
1709296393435,1033,GET-UserProfile,200,OK,Thread Group 1-177,text,true,,857,357,25,25,https://thinking-tester-contact-list.herokuapp.com/users/me,1033,0,777
1709296391834,2648,GET-UserProfile,200,OK,Thread Group 1-161,text,true,,857,357,25,25,https://thinking-tester-contact-list.herokuapp.com/users/me,2648,0,2045
1709296392533,1959,GET-UserProfile,200,OK,Thread Group 1-168,text,true,,857,357,25,25,https://thinking-tester-contact-list.herokuapp.com/users/me,1959,0,1317
1709296392434,2196,GET-UserProfile,200,OK,Thread Group 1-167,text,true,,853,357,26,26,https://thinking-tester-contact-list.herokuapp.com/users/me,2196,0,1923
1709296394394,331,GET-Contact,200,OK,Thread Group 1-164,text,true,,1056,357,27,27,https://thinking-tester-contact-list.herokuapp.com/contacts,331,0,0
1709296394469,261,GET-Contact,200,OK,Thread Group 1-177,text,true,,1056,357,26,26,https://thinking-tester-contact-list.herokuapp.com/contacts,261,0,0
1709296392734,2015,GET-UserProfile,200,OK,Thread Group 1-170,text,true,,853,357,26,26,https://thinking-tester-contact-list.herokuapp.com/users/me,2015,0,1748
1709296392034,2765,GET-UserProfile,200,OK,Thread Group 1-163,text,true,,853,357,26,26,https://thinking-tester-contact-list.herokuapp.com/users/me,2765,0,2372
1709296392834,2024,GET-UserProfile,200,OK,Thread Group 1-171,text,true,,853,357,27,27,https://thinking-tester-contact-list.herokuapp.com/users/me,2024,0,1773
1709296394630,255,GET-Contact,200,OK,Thread Group 1-167,text,true,,1056,357,27,27,https://thinking-tester-contact-list.herokuapp.com/contacts,255,0,0
1709296392935,2009,GET-UserProfile,200,OK,Thread Group 1-172,text,true,,853,357,27,27,https://thinking-tester-contact-list.herokuapp.com/users/me,2009,0,1748
1709296394750,265,GET-Contact,200,OK,Thread Group 1-170,text,true,,1056,357,27,27,https://thinking-tester-contact-list.herokuapp.com/contacts,265,0,0
1709296394035,1020,GET-UserProfile,200,OK,Thread Group 1-183,text,true,,853,357,27,27,https://thinking-tester-contact-list.herokuapp.com/users/me,1020,0,764
1709296394800,263,GET-Contact,200,OK,Thread Group 1-163,text,true,,1056,357,27,27,https://thinking-tester-contact-list.herokuapp.com/contacts,263,0,0
1709296394859,257,GET-Contact,200,OK,Thread Group 1-171,text,true,,1056,357,26,26,https://thinking-tester-contact-list.herokuapp.com/contacts,257,0,0
1709296392635,2541,GET-UserProfile,200,OK,Thread Group 1-169,text,true,,853,357,26,26,https://thinking-tester-contact-list.herokuapp.com/users/me,2541,0,1847
1709296394945,263,GET-Contact,200,OK,Thread Group 1-172,text,true,,1056,357,26,26,https://thinking-tester-contact-list.herokuapp.com/contacts,263,0,0
1709296394492,774,GET-Contact,200,OK,Thread Group 1-168,text,true,,1056,357,26,26,https://thinking-tester-contact-list.herokuapp.com/contacts,774,0,0
1709296394483,789,GET-Contact,200,OK,Thread Group 1-161,text,true,,1056,357,25,25,https://thinking-tester-contact-list.herokuapp.com/contacts,789,0,0
1709296395177,250,GET-Contact,200,OK,Thread Group 1-169,text,true,,1056,357,25,25,https://thinking-tester-contact-list.herokuapp.com/contacts,250,0,0
1709296392234,3266,GET-UserProfile,200,OK,Thread Group 1-165,text,false,"The operation lasted too long: It took 3,266 milliseconds, but should not have lasted longer than 3,000 milliseconds.",853,357,25,25,https://thinking-tester-contact-list.herokuapp.com/users/me,3265,0,2616
1709296395500,253,GET-Contact,200,OK,Thread Group 1-165,text,true,,1060,357,28,28,https://thinking-tester-contact-list.herokuapp.com/contacts,253,0,0
1709296395056,751,GET-Contact,200,OK,Thread Group 1-183,text,true,,1060,357,27,27,https://thinking-tester-contact-list.herokuapp.com/contacts,751,0,0
1709296393234,2601,GET-UserProfile,200,OK,Thread Group 1-175,text,true,,857,357,26,26,https://thinking-tester-contact-list.herokuapp.com/users/me,2601,0,2345
1709296393535,2412,GET-UserProfile,200,OK,Thread Group 1-178,text,true,,857,357,26,26,https://thinking-tester-contact-list.herokuapp.com/users/me,2412,0,2153
1709296393635,2381,GET-UserProfile,200,OK,Thread Group 1-179,text,true,,857,357,26,26,https://thinking-tester-contact-list.herokuapp.com/users/me,2381,0,2131
1709296394633,1440,GET-UserProfile,200,OK,Thread Group 1-189,text,true,,857,357,26,26,https://thinking-tester-contact-list.herokuapp.com/users/me,1440,0,1131
1709296395835,257,GET-Contact,200,OK,Thread Group 1-175,text,true,,1060,357,26,26,https://thinking-tester-contact-list.herokuapp.com/contacts,257,0,0
1709296394134,1974,GET-UserProfile,200,OK,Thread Group 1-184,text,true,,857,357,25,25,https://thinking-tester-contact-list.herokuapp.com/users/me,1974,0,1716
1709296395947,259,GET-Contact,200,OK,Thread Group 1-178,text,true,,1060,357,25,25,https://thinking-tester-contact-list.herokuapp.com/contacts,259,0,0
1709296396015,264,GET-Contact,200,OK,Thread Group 1-179,text,true,,1060,357,24,24,https://thinking-tester-contact-list.herokuapp.com/contacts,264,0,0
1709296394333,1982,GET-UserProfile,200,OK,Thread Group 1-186,text,true,,857,357,23,23,https://thinking-tester-contact-list.herokuapp.com/users/me,1982,0,1725
1709296396073,258,GET-Contact,200,OK,Thread Group 1-189,text,true,,1060,357,23,23,https://thinking-tester-contact-list.herokuapp.com/contacts,258,0,0
1709296396158,259,GET-Contact,200,OK,Thread Group 1-184,text,true,,1060,357,22,22,https://thinking-tester-contact-list.herokuapp.com/contacts,259,0,0
1709296393038,3513,GET-UserProfile,200,OK,Thread Group 1-173,text,false,"The operation lasted too long: It took 3,513 milliseconds, but should not have lasted longer than 3,000 milliseconds.",857,357,21,21,https://thinking-tester-contact-list.herokuapp.com/users/me,3513,0,2469
1709296393834,2723,GET-UserProfile,200,OK,Thread Group 1-181,text,true,,857,357,21,21,https://thinking-tester-contact-list.herokuapp.com/users/me,2723,0,1681
1709296394534,2037,GET-UserProfile,200,OK,Thread Group 1-188,text,true,,857,357,21,21,https://thinking-tester-contact-list.herokuapp.com/users/me,2037,0,1776
1709296396315,257,GET-Contact,200,OK,Thread Group 1-186,text,true,,1060,357,21,21,https://thinking-tester-contact-list.herokuapp.com/contacts,257,0,0
1709296393334,3326,GET-UserProfile,200,OK,Thread Group 1-176,text,false,"The operation lasted too long: It took 3,326 milliseconds, but should not have lasted longer than 3,000 milliseconds.",857,357,20,20,https://thinking-tester-contact-list.herokuapp.com/users/me,3326,0,1740
1709296393935,2843,GET-UserProfile,200,OK,Thread Group 1-182,text,true,,857,357,20,20,https://thinking-tester-contact-list.herokuapp.com/users/me,2843,0,2568
1709296396550,254,GET-Contact,200,OK,Thread Group 1-173,text,true,,1060,357,20,20,https://thinking-tester-contact-list.herokuapp.com/contacts,254,0,0
1709296396556,269,GET-Contact,200,OK,Thread Group 1-181,text,true,,1060,357,19,19,https://thinking-tester-contact-list.herokuapp.com/contacts,269,0,0
1709296396571,262,GET-Contact,200,OK,Thread Group 1-188,text,true,,1060,357,18,18,https://thinking-tester-contact-list.herokuapp.com/contacts,262,0,0
1709296394433,2437,GET-UserProfile,200,OK,Thread Group 1-187,text,true,,857,357,17,17,https://thinking-tester-contact-list.herokuapp.com/users/me,2437,0,2181
1709296396672,264,GET-Contact,200,OK,Thread Group 1-176,text,true,,1060,357,17,17,https://thinking-tester-contact-list.herokuapp.com/contacts,264,0,0
1709296393135,3830,GET-UserProfile,200,OK,Thread Group 1-174,text,false,"The operation lasted too long: It took 3,830 milliseconds, but should not have lasted longer than 3,000 milliseconds.",857,357,16,16,https://thinking-tester-contact-list.herokuapp.com/users/me,3830,0,3568
1709296396777,265,GET-Contact,200,OK,Thread Group 1-182,text,true,,1060,357,16,16,https://thinking-tester-contact-list.herokuapp.com/contacts,265,0,0
1709296394734,2358,GET-UserProfile,200,OK,Thread Group 1-190,text,true,,857,357,15,15,https://thinking-tester-contact-list.herokuapp.com/users/me,2358,0,2070
1709296396869,267,GET-Contact,200,OK,Thread Group 1-187,text,true,,1060,357,15,15,https://thinking-tester-contact-list.herokuapp.com/contacts,267,0,0
1709296396965,266,GET-Contact,200,OK,Thread Group 1-174,text,true,,1060,357,14,14,https://thinking-tester-contact-list.herokuapp.com/contacts,266,0,0
1709296394833,2407,GET-UserProfile,200,OK,Thread Group 1-191,text,true,,857,357,13,13,https://thinking-tester-contact-list.herokuapp.com/users/me,2407,0,2152
1709296394933,2417,GET-UserProfile,200,OK,Thread Group 1-192,text,true,,857,357,13,13,https://thinking-tester-contact-list.herokuapp.com/users/me,2416,0,2157
1709296397092,265,GET-Contact,200,OK,Thread Group 1-190,text,true,,1060,357,13,13,https://thinking-tester-contact-list.herokuapp.com/contacts,265,0,0
1709296395433,2050,GET-UserProfile,200,OK,Thread Group 1-197,text,true,,857,357,12,12,https://thinking-tester-contact-list.herokuapp.com/users/me,2050,0,1598
1709296397239,258,GET-Contact,200,OK,Thread Group 1-191,text,true,,1060,357,12,12,https://thinking-tester-contact-list.herokuapp.com/contacts,258,0,0
1709296395033,2465,GET-UserProfile,200,OK,Thread Group 1-193,text,true,,857,357,12,12,https://thinking-tester-contact-list.herokuapp.com/users/me,2465,0,2210
1709296397349,258,GET-Contact,200,OK,Thread Group 1-192,text,true,,1060,357,11,11,https://thinking-tester-contact-list.herokuapp.com/contacts,258,0,0
1709296394234,3515,GET-UserProfile,200,OK,Thread Group 1-185,text,false,"The operation lasted too long: It took 3,515 milliseconds, but should not have lasted longer than 3,000 milliseconds.",857,357,10,10,https://thinking-tester-contact-list.herokuapp.com/users/me,3515,0,2104
1709296397482,266,GET-Contact,200,OK,Thread Group 1-197,text,true,,1060,357,10,10,https://thinking-tester-contact-list.herokuapp.com/contacts,266,0,0
1709296397498,257,GET-Contact,200,OK,Thread Group 1-193,text,true,,1060,357,9,9,https://thinking-tester-contact-list.herokuapp.com/contacts,257,0,0
1709296395233,2528,GET-UserProfile,200,OK,Thread Group 1-195,text,true,,857,357,8,8,https://thinking-tester-contact-list.herokuapp.com/users/me,2528,0,2277
1709296393734,4232,GET-UserProfile,200,OK,Thread Group 1-180,text,false,"The operation lasted too long: It took 4,232 milliseconds, but should not have lasted longer than 3,000 milliseconds.",857,357,8,8,https://thinking-tester-contact-list.herokuapp.com/users/me,4232,0,3952
1709296397748,274,GET-Contact,200,OK,Thread Group 1-185,text,true,,1060,357,8,8,https://thinking-tester-contact-list.herokuapp.com/contacts,274,0,0
1709296397760,312,GET-Contact,200,OK,Thread Group 1-195,text,true,,1060,357,7,7,https://thinking-tester-contact-list.herokuapp.com/contacts,312,0,0
1709296395634,2735,GET-UserProfile,200,OK,Thread Group 1-199,text,true,,857,357,6,6,https://thinking-tester-contact-list.herokuapp.com/users/me,2735,0,2476
1709296398369,307,GET-Contact,200,OK,Thread Group 1-199,text,true,,1056,357,6,6,https://thinking-tester-contact-list.herokuapp.com/contacts,307,0,0
1709296395135,3532,GET-UserProfile,200,OK,Thread Group 1-194,text,false,"The operation lasted too long: It took 3,532 milliseconds, but should not have lasted longer than 3,000 milliseconds.",853,357,6,6,https://thinking-tester-contact-list.herokuapp.com/users/me,3532,0,3232
1709296395535,3126,GET-UserProfile,200,OK,Thread Group 1-198,text,false,"The operation lasted too long: It took 3,126 milliseconds, but should not have lasted longer than 3,000 milliseconds.",853,357,6,6,https://thinking-tester-contact-list.herokuapp.com/users/me,3126,0,2817
1709296395735,2926,GET-UserProfile,200,OK,Thread Group 1-200,text,true,,857,357,6,6,https://thinking-tester-contact-list.herokuapp.com/users/me,2926,0,2201
1709296397966,778,GET-Contact,200,OK,Thread Group 1-180,text,true,,1060,357,5,5,https://thinking-tester-contact-list.herokuapp.com/contacts,778,0,0
1709296395334,3633,GET-UserProfile,200,OK,Thread Group 1-196,text,false,"The operation lasted too long: It took 3,633 milliseconds, but should not have lasted longer than 3,000 milliseconds.",853,357,4,4,https://thinking-tester-contact-list.herokuapp.com/users/me,3633,0,3327
1709296398696,290,GET-Contact,200,OK,Thread Group 1-200,text,true,,1056,357,4,4,https://thinking-tester-contact-list.herokuapp.com/contacts,290,0,0
1709296398696,312,GET-Contact,200,OK,Thread Group 1-198,text,true,,1056,357,3,3,https://thinking-tester-contact-list.herokuapp.com/contacts,312,0,0
1709296398696,312,GET-Contact,200,OK,Thread Group 1-194,text,true,,1056,357,3,3,https://thinking-tester-contact-list.herokuapp.com/contacts,312,0,0
1709296398967,254,GET-Contact,200,OK,Thread Group 1-196,text,true,,1056,357,1,1,https://thinking-tester-contact-list.herokuapp.com/contacts,254,0,0
